﻿Sub #,TypeofTester,Subject,Sex,Side,ArchType,Length,Width,Instep,ArchHt,Girth,TotArea,ArchDepth,ShoeSize,RepShoeSize,Width_Length,Length Percentile,Length PopAve,Width Percentile,Width PopAve,Instep Percentile,Instep PopAve,Arch Height Percentile,Arch Heigh PopAve,Girth Percentile,Girth PopAve
1,Internal,Lindsay Hastings,F,L,Medium,25.42,9.82,5.69,1.8,23.94,111,7,9.5,9.5,0.39,,,,,,,,,,
,Internal,Lindsay Hastings,F,R,High,25.25,9.93,5.66,2.4,23.67,111,10,9.5,9.5,0.39,,,,,,,,,,
2,Internal,Bethany Kilpatrick,F,L,High,24.29,9.02,5.91,2.7,22.1,83,28,8,8,0.37,,,,,,,,,,
,Internal,Bethany Kilpatrick,F,R,High,24.11,9.24,6.03,2.4,22.42,82,27,8,8,0.38,,,,,,,,,,
3,Internal,Anna Hetman,F,L,Low,24.74,9.28,5.51,1.2,23.13,115,3,8.5,8.5,0.38,,,,,,,,,,
,Internal,Anna Hetman,F,R,Medium,24.21,9.38,6.26,1.51,23.28,95,9,8.5,8.5,0.39,,,,,,,,,,
4,Internal,Sara Kasbekar,F,L,Medium,23.49,8.63,5.91,2.41,21.43,93,8,7,7.5 - 8,0.37,,,,,,,,,,
,Internal,Sara Kasbekar,F,R,Medium,23.5,8.49,6.09,2.4,21.78,91,8,7,7.5 - 9,0.36,,,,,,,,,,
5,Internal,Lindsay Huffman,F,L,High,24.5,8.88,6.95,2.43,22.52,74,30,8.5,8.5,0.36,,,,,,,,,,
,Internal,Lindsay Huffman,F,R,High,23.59,9,7.15,2.7,22.8,70,24,8.5,8.5,0.38,,,,,,,,,,
6,Internal,Rebecca Linton,F,L,High,22.93,8.33,6.36,2.11,21.55,82,22,6.5,6.5-7,0.36,,,,,,,,,,
,Internal,Rebecca Linton,F,R,High,22.74,8.46,6.3,2.11,21.12,80,25,6.5,6.5-7,0.37,,,,,,,,,,
7,Internal,Zoe Thomsen,F,L,Medium,23.31,8.8,5.78,2.24,22.45,100,9,7,7,0.38,,,,,,,,,,
,Internal,Zoe Thomsen,F,R,Medium,23.05,9.02,5.93,2.43,22.8,97,9,7,7,0.39,,,,,,,,,,
8,Internal,Hannah McDermott,F,L,Medium,23.51,9.48,6.1,1.81,23.39,101,9,7,7,0.4,,,,,,,,,,
,Internal,Hannah McDermott,F,R,Medium,23.54,9.74,6.19,2.1,23.08,99,9,7,7,0.41,,,,,,,,,,
9,Internal,Ashley Blakemore,F,L,Medium,23.48,8.7,5.81,2.42,20.99,84,9,7.5,8.5,0.37,,,,,,,,,,
,Internal,Ashley Blakemore,F,R,Medium,23.69,8.8,5.62,2.4,21.32,84,9,7.5,8.5,0.37,,,,,,,,,,
10,Internal,Theresa Underwood,F,L,High,23.89,9.22,7.11,2.56,23.89,92,23,8,8,0.39,,,,,,,,,,
,Internal,Theresa Underwood,F,R,High,23.96,9.52,7.3,2.4,24.02,93,26,8,8,0.4,,,,,,,,,,
11,Internal,Kate Harrison,F,L,Medium,24.8,9.31,5.9,2.12,22.45,105,8,8.5,9,0.38,,,,,,,,,,
,Internal,Kate Harrison,F,R,High,24.75,9.16,6.03,2.1,22.56,101,10,8.5,9,0.37,,,,,,,,,,
12,Internal,Rachel Chiu,F,L,Medium,24.17,9.19,6.02,1.8,22.58,102,8,8,8,0.38,,,,,,,,,,
,Internal,Rachel Chiu,F,R,Medium,23.85,9.18,6.28,1.8,22.77,102,9,8,8,0.38,,,,,,,,,,
13,Internal,Ashley Woodman,F,L,High,24.53,8.76,5.74,1.94,21.96,92,27,8.5,8,0.36,,,,,,,,,,
,Internal,Ashley Woodman,F,R,Medium,24.34,9.01,5.53,2.05,21.82,89,9,8.5,8,0.37,,,,,,,,,,
61,Internal,Julia Hultgren,F,L,Medium,23.73,9,6.16,2.11,22.96,93,8,7.5,7.5 - 8,0.38,,,,,,,,,,
,Internal,Julia Hultgren,F,R,Medium,23.79,9.13,6.23,2.1,23.36,97,9,7.5,7.5 - 8,0.38,,,,,,,,,,
67,Internal,Annie Fox,F,L,High,25.23,9.58,7.14,2.71,24.02,91,27,9,9,0.38,,,,,,,,,,
,Internal,Annie Fox,F,R,High,24.9,9.5,7.14,3,23.78,76,27,9,9,0.38,,,,,,,,,,
72,Internal,Elissa Banker,F,L,Medium,22.46,8.27,5.63,1.81,21.93,78,8,6.5,6.5,0.37,,,,,,,,,,
,Internal,Elissa Banker,F,R,Medium,22.95,8.82,5.82,1.8,22.58,91,7,6.5,6.5,0.38,,,,,,,,,,
73,Internal,Kayla McAuliffe,F,L,Medium,22.25,8.13,5.86,2.27,21.04,84,9,6,6.5 -7,0.37,,,,,,,,,,
,Internal,Kayla McAuliffe,F,R,Medium,22.35,8.37,5.97,2.54,21.28,85,9,6,6.5 -8,0.37,,,,,,,,,,
76,Internal,Bridget Lisec,F,L,High,25.41,9.31,6.3,2.4,22.79,97,10,9.5,9,0.37,,,,,,,,,,
,Internal,Bridget Lisec,F,R,High,25.48,9.25,6.18,2.41,22.34,99,10,9.5,9,0.36,,,,,,,,,,
77,Internal,Maggie Zawalski,F,L,High,24.71,9.33,6.41,3.3,23.71,92,10,8.5,9,0.38,,,,,,,,,,
,Internal,Maggie Zawalski,F,R,Medium,24.77,8.48,6.32,2.7,22.32,94,9,8.5,9,0.34,,,,,,,,,,
78,Internal,Katherine Perry,F,L,Medium,23.25,8.17,5.77,2.1,20.64,81,8,7,7,0.35,,,,,,,,,,
,Internal,Katherine Perry,F,R,Medium,23.31,8.09,5.91,2.1,20.49,83,9,7,7,0.35,,,,,,,,,,
83,External,Melissa Mazzo,F,L,Medium,23.01,8.17,5.89,2.1,20.83,86,8,6.5,7.5,0.36,,,,,,,,,,
83,External,Melissa Mazzo,F,R,Medium,23.01,8.38,6,2.7,20.74,83,9,6.5,7.5,0.36,,,,,,,,,,
85,Internal,Kim Freddo,F,L,High,24.12,9.05,5.7,1.81,22.21,86,11,8,8 - 8.5,0.38,,,,,,,,,,
85,Internal,Kim Freddo,F,R,High,24.31,9.39,5.82,1.8,22.65,97,11,8,8 - 8.5,0.39,,,,,,,,,,
97,External,Amanda Kirkeby,F,L,Medium,24.33,8.79,6.25,2.41,22.07,87,9,8.5,,0.36,,,,,,,,,,
97,External,Amanda Kirkeby,F,R,High,24.61,9.07,6.17,2.4,22.73,86,10,8.5,,0.37,,,,,,,,,,
100,External,Anabelle Medina,F,L,Medium,23.67,8.81,5.58,2.11,22.4,105,8,7.5,,0.37,,,,,,,,,,
100,External,Anabelle Medina,F,R,High,23.72,9.13,5.68,1.52,22.65,98,10,7.5,,0.38,,,,,,,,,,
103,External,"Marion ""m-jay"" Shears",F,L,Medium,24.27,9.66,6.11,1.81,24.43,106,5,8,,0.4,,,,,,,,,,
103,External,"Marion ""m-jay"" Shears",F,R,Medium,24.02,9.38,6.15,1.8,24.03,105,5,8,,0.39,,,,,,,,,,
104,External,Erin Williams,F,L,Medium,22.76,9.57,6.03,1.81,24.06,106,5,7,,0.42,,,,,,,,,,
104,External,Erin Williams,F,R,Medium,23.33,9.62,5.84,2.1,23.92,105,5,7,,0.41,,,,,,,,,,
105,External,Katie Carbiener,F,L,Medium,23.88,9.13,5.72,1.96,21.83,84,9,7.5,,0.38,,,,,,,,,,
105,External,Katie Carbiener,F,R,Medium,23.83,9.19,5.71,2.1,21.98,92,9,7.5,,0.39,,,,,,,,,,
106,External,Jennifer Dormann,F,L,Medium,25.37,9.2,5.79,1.8,22.27,104,7,9.5,,0.36,,,,,,,,,,
106,External,Jennifer Dormann,F,R,Medium,24.84,9.13,5.98,2.1,22.49,104,8,9.5,,0.37,,,,,,,,,,
109,External,Amanda Basham,F,L,Medium,24.78,9.64,5.86,2.1,23.29,85,9,8.5,,0.39,,,,,,,,,,
109,External,Amanda Basham,F,R,High,24.11,9.6,5.96,2.7,23.14,88,10,8.5,,0.4,,,,,,,,,,
113,External,Isabel,F,L,High,24.16,9.52,6.67,0.61,23.51,87,12,8,,0.39,,,,,,,,,,
113,External,Isabel,F,R,High,24.17,9.53,6.81,2.65,23.4,94,11,8,,0.39,,,,,,,,,,
114,External,Julianne Johnson,F,L,Medium,25.21,9.62,6.05,2.1,23.34,97,7,9.5,,0.38,,,,,,,,,,
114,External,Julianne Johnson,F,R,Medium,25.27,9.3,6.3,2.41,22.82,94,8,9.5,,0.37,,,,,,,,,,
115,External,Sarah Rose,F,L,High,24.21,9.22,5.83,2.25,22.18,74,25,8,,0.38,,,,,,,,,,
115,External,Sarah Rose,F,R,High,24.08,9.23,5.97,2.28,21.93,68,21,8,,0.38,,,,,,,,,,
119,External,Kelly Pierson,F,L,Medium,25.36,9.66,6,2.4,22.95,104,8,9.5,,0.38,,,,,,,,,,
119,External,Kelly Pierson,F,R,Medium,24.91,9.46,6.16,2.55,22.6,98,8,9.5,,0.38,,,,,,,,,,
122,External,Jaci,F,L,Medium,25.5,9.21,6.22,2.7,22.93,89,9,9.5,,0.36,,,,,,,,,,
122,External,Jaci,F,R,High,25.21,9.29,6.45,3,22.58,93,10,9.5,,0.37,,,,,,,,,,
129,External,Ashley Arigoni,F,L,Medium,25.1,9.32,5.53,1.81,23.06,97,8,9.5,,0.37,,,,,,,,,,
129,External,Ashley Arigoni,F,R,Low,25.35,9.23,5.58,2.1,23.12,111,4,9.5,,0.36,,,,,,,,,,
131,External,Maria McDaniel,F,L,Medium,22.92,8.85,6.45,0.31,21.64,78,9,6.5,,0.39,,,,,,,,,,
131,External,Maria McDaniel,F,R,Medium,23.09,9.01,6.22,2.42,21.88,88,9,6.5,,0.39,,,,,,,,,,
134,External,Anabell Medina,F,L,Medium,23.67,8.81,5.51,1.8,22.45,105,8,7.5,,0.37,,,,,,,,,,
134,External,Anabell Medina,F,R,High,23.83,9.81,5.55,1.51,22.1,103,11,7.5,,0.41,,,,,,,,,,
137,External,Sara Manderscheid,F,L,High,23.98,8.97,6.68,1.82,22.13,72,30,8.5,,0.37,,,,,,,,,,
137,External,Sara Manderscheid,F,R,High,24.59,9.05,6.64,2.65,22.58,86,24,8.5,,0.37,,,,,,,,,,
139,External,Madison Pitts,F,L,Medium,26.4,9.32,5.97,3.01,22.74,99,9,10.5,,0.35,,,,,,,,,,
139,External,Madison Pitts,F,R,High,26.41,9.39,6,3,22.54,99,11,10.5,,0.36,,,,,,,,,,
154,Internal,Elice Straup,F,L,Medium,24.3,9.06,6.1,1.8,22.62,100,6,8,,0.372839506,,,,,,,,,,
154,Internal,Elice Straup,F,R,Medium,24.37,9.09,6.26,2.1,22.77,99,8,8,,0.37299959,,,,,,,,,,
158,Internal,Melissa Duncan,F,L,Medium,24.87,9.25,6.28,2.1,23.48,98,9,9,9,0.371934057,,,,,,,,,,
158,Internal,Melissa Duncan,F,R,High,24.93,9.38,6.62,2.41,23.72,92,10,9,9,0.37625351,,,,,,,,,,
161,Internal,Courtney Stringfellow,F,L,High,23.07,8.72,6.15,2.11,22.62,81,20,7,7.5,,,,,,,,,,,
161,Internal,Courtney Stringfellow,F,R,Medium,23.22,9.07,6.35,2.1,23.29,89,9,7,7.5,,,,,,,,,,,
164,Internal,Kathrine Ewing,F,L,Medium,24.46,8.83,5.58,1.74,22.53,109,9,8,8 - 8.5,,,,,,,,,,,
164,Internal,Kathrine Ewing,F,R,High,24.18,8.92,6.14,2.1,22.82,91,11,8,8 - 8.5,,,,,,,,,,,
167,Internal,Julie Kacher,F,L,High,24.9,9.74,6.37,2.71,22.2,89,10,9,8.5,0.39,,,,,,,,,,
167,Internal,Julie Kacher,F,R,High,24.68,9.56,6.42,3,22.36,88,10,9,8.5,0.39,,,,,,,,,,
168,Internal,Robin Fassett Carman,F,L,Medium,26.88,9.14,6.03,2.11,23.36,105,9,11,11.0 - 12,0.34,,,,,,,,,,
168,Internal,Robin Fassett Carman,F,R,Medium,26.9,9.2,6.42,2.7,23.73,106,9,11,11.0 - 12,0.34,,,,,,,,,,
174,Internal,Rosa Loveszy,F,L,Medium,26.62,10.24,6.21,1.8,23.92,120,8,11,11.0 - 12,0.38,,,,,,,,,,
174,Internal,Rosa Loveszy,F,R,Medium,26.53,10.12,6.43,2.11,24.04,120,9,11,11.0 - 12,0.38,,,,,,,,,,
177,External,Amelia Shea,F,L,High,24.85,9.32,6.51,2.85,23.06,80,28,9,,0.38,,,,,,,,,,
177,External,Amelia Shea,F,R,High,24.95,9.48,6.87,2.7,23.6,75,28,9,,0.38,,,,,,,,,,
181,External,Erika Canfield,F,L,High,24.01,8.77,6.28,2.1,22.25,96,10,8,,0.37,,,,,,,,,,
181,External,Erika Canfield,F,R,High,23.98,9.12,6.53,2.11,22.19,97,10,8,,0.38,,,,,,,,,,
184,Internal,Melissa Norrish,F,L,Medium,22.73,8.49,6.2,2.1,21.69,73,8,6,6.5 - 7,0.37,,,,,,,,,,
184,Internal,Melissa Norrish,F,R,Medium,22.5,8.86,6.09,2.4,22.03,76,9,6,6.5 - 7,0.39,,,,,,,,,,
187,Internal,Kirsti Bird,F,L,High,24.23,8.96,6.89,2.71,23.09,78,26,8,8 - 8.5,0.37,,,,,,,,,,
187,Internal,Kirsti Bird,F,R,High,23.72,9.06,7.02,3,22.68,73,26,8,8 - 8.5,0.38,,,,,,,,,,
188,Internal,Carly George,F,L,High,24.13,8.72,6.47,2.4,22.18,74,32,8,9 - 9.5,0.36,,,,,,,,,,
188,Internal,Carly George,F,R,High,23.54,8.96,6.56,2.1,22.25,74,26,8,9 - 9.5,0.38,,,,,,,,,,
189,Internal,Elaina Espinosa,F,L,Medium,23.82,9.1,5.69,1.81,22.82,90,9,7.5,8,0.38,,,,,,,,,,
189,Internal,Elaina Espinosa,F,R,High,23.57,8.89,5.6,2.04,22.51,85,10,7.5,8,0.38,,,,,,,,,,
190,Internal,Lacy Moore,F,L,Medium,23.88,9.96,6.3,2.54,24.06,104,8,9,8 - 8.5,0.42,,,,,,,,,,
190,Internal,Lacy Moore,F,R,High,23.96,9.89,6.33,2.4,24.12,97,10,9,8 - 8.5,0.41,,,,,,,,,,
193,External,Alex Boilings,F,L,Medium,26.36,9.22,5.81,2.1,22.89,109,8,10.5,,0.35,,,,,,,,,,
193,External,Alex Boilings,F,R,Medium,26.14,9.2,6.04,2.41,23.17,102,9,10.5,,0.35,,,,,,,,,,
